 ,,,,,,,,,,,,,,,,,,,,,,,,,,,,,,,,,,,,,,,,,,,,,,,,,,,,,,,,,,,,,,,,,,,,,,,,,,,,,,,,,,,,,,,,,,,,,,,,,,,,,,,,,,,,,,,,,,,,,,,,,,,,,,,,,,,,,,,,,,,,,,,,,,,,,,,,,,,,,,,,,,,,,,,,,,,,,,,,,,,,,,,,,,,,,,,,,,,,,,,,,,,,,,,,,,,,,,,,,,,,,,,,,,,,,,,,,,,,,,,,,,,,,,,,,,,,,,,,,,,,,,,,,,,,,,,,,,,,,,,,,,,,
                                                                                                                                                                                                                                                                                                                                                                                                                                                                           ,,,SHIFT 1,,,SHIFT 2,,,SHIFT 3,,,SHIFT 1,,,SHIFT 2,,,SHIFT 3,,,SHIFT 1,,,SHIFT 2,,,SHIFT 3,,,SHIFT 1,,,SHIFT 2,,,SHIFT 3,,SHIFT 1,,,SHIFT 2,,,SHIFT 3,,,SHIFT 1,,,SHIFT 2,,,SHIFT 3,,,SHIFT 1,,,SHIFT 2,,,SHIFT 3,,,SHIFT 1,,,SHIFT 2,,,SHIFT 3,,SHIFT 1,,,SHIFT 2,,,SHIFT 3,,,SHIFT 1,,,SHIFT 2,,,SHIFT 3,,,SHIFT 1,,,SHIFT 2,,,SHIFT 3,,,SHIFT 1,,,SHIFT 2,,,SHIFT 3,,SHIFT 1,,,SHIFT 2,,,SHIFT 3,,,SHIFT 1,,,SHIFT 2,,,SHIFT 3,,,SHIFT 1,,,SHIFT 2,,,SHIFT 3,,,SHIFT 1,,,SHIFT 2,,,SHIFT 3,,,SHIFT 1,,,SHIFT 2,,,SHIFT 3,,,SHIFT 1,,,SHIFT 2,,,SHIFT 3,,,SHIFT 1,,,SHIFT 2,,,SHIFT 3,,,SHIFT 1,,,SHIFT 2,,,SHIFT 3,,SHIFT 1,,,SHIFT 2,,,SHIFT 3,,,SHIFT 1,,,SHIFT 2,,,SHIFT 3,,,SHIFT 1,,,SHIFT 2,,,SHIFT 3,,,SHIFT 1,,,SHIFT 2,,,SHIFT 3,,SHIFT 1,,,SHIFT 2,,,SHIFT 3,,,SHIFT 1,,,SHIFT 2,,,SHIFT 3,,,SHIFT 1,,,SHIFT 2,,,SHIFT 3,,,SHIFT 1,,,SHIFT 2,,,SHIFT 3,,SHIFT 1,,,SHIFT 2,,,SHIFT 3,,,SHIFT 1,,,SHIFT 2,,,SHIFT 3,,,SHIFT 1,,,SHIFT 2,,,SHIFT 3,,,SHIFT 1,,,SHIFT 2,,,SHIFT 3,,
,,,,,,,,,,,,,,,,,,,,,,,,,,,,,,,,,,,,,,,,,,,,,,,,,,,,,,,,,,,,,,,,,,,,,,,,,,,,,,,,,,,,,,,,,,,,,,,,,,,,,,,,,,,,,,,,,,,,,,,,,,,,,,,,,,,,,,,,,,,,,,,,,,,,,,,,,,,,,,,,,,,,,,,,,,,,,,,,,,,,,,,,,,,,,,,,,,,,,,,,,,,,,,,,,,,,,,,,,,,,,,,,,,,,,,,,,,,,,,,,,,,,,,,,,,,,,,,,,,,,,,,,,,,,,,,,,,,,,,,,,,,,
,,,SATUAN,NOMINAL (RP),,SATUAN,NOMINAL (RP),,SATUAN,NOMINAL (RP),,SATUAN,NOMINAL (RP),,SATUAN,NOMINAL (RP),,SATUAN,NOMINAL (RP),,SATUAN,NOMINAL (RP),,SATUAN,NOMINAL (RP),,SATUAN,NOMINAL (RP),,SATUAN,NOMINAL (RP),,SATUAN,NOMINAL (RP),,SATUAN,NOMINAL (RP),SATUAN,NOMINAL (RP),,SATUAN,NOMINAL (RP),,SATUAN,NOMINAL (RP),,SATUAN,NOMINAL (RP),,SATUAN,NOMINAL (RP),,SATUAN,NOMINAL (RP),,SATUAN,NOMINAL (RP),,SATUAN,NOMINAL (RP),,SATUAN,NOMINAL (RP),,SATUAN,NOMINAL (RP),,SATUAN,NOMINAL (RP),,SATUAN,NOMINAL (RP),SATUAN,NOMINAL (RP),,SATUAN,NOMINAL (RP),,SATUAN,NOMINAL (RP),,SATUAN,NOMINAL (RP),,SATUAN,NOMINAL (RP),,SATUAN,NOMINAL (RP),,SATUAN,NOMINAL (RP),,SATUAN,NOMINAL (RP),,SATUAN,NOMINAL (RP),,SATUAN,NOMINAL (RP),,SATUAN,NOMINAL (RP),,SATUAN,NOMINAL (RP),SATUAN,NOMINAL (RP),,SATUAN,NOMINAL (RP),,SATUAN,NOMINAL (RP),,SATUAN,NOMINAL (RP),,SATUAN,NOMINAL (RP),,SATUAN,NOMINAL (RP),,SATUAN,NOMINAL (RP),,SATUAN,NOMINAL (RP),,SATUAN,NOMINAL (RP),,SATUAN,NOMINAL (RP),,SATUAN,NOMINAL (RP),,SATUAN,NOMINAL (RP),,SATUAN,NOMINAL (RP),,SATUAN,NOMINAL (RP),,SATUAN,NOMINAL (RP),,SATUAN,NOMINAL (RP),,SATUAN,NOMINAL (RP),,SATUAN,NOMINAL (RP),,SATUAN,NOMINAL (RP),,SATUAN,NOMINAL (RP),,SATUAN,NOMINAL (RP),,SATUAN,NOMINAL (RP),,SATUAN,NOMINAL (RP),,SATUAN,NOMINAL (RP),SATUAN,NOMINAL (RP),,SATUAN,NOMINAL (RP),,SATUAN,NOMINAL (RP),,SATUAN,NOMINAL (RP),,SATUAN,NOMINAL (RP),,SATUAN,NOMINAL (RP),,SATUAN,NOMINAL (RP),,SATUAN,NOMINAL (RP),,SATUAN,NOMINAL (RP),,SATUAN,NOMINAL (RP),,SATUAN,NOMINAL (RP),,SATUAN,NOMINAL (RP),SATUAN,NOMINAL (RP),,SATUAN,NOMINAL (RP),,SATUAN,NOMINAL (RP),,SATUAN,NOMINAL (RP),,SATUAN,NOMINAL (RP),,SATUAN,NOMINAL (RP),,SATUAN,NOMINAL (RP),,SATUAN,NOMINAL (RP),,SATUAN,NOMINAL (RP),,SATUAN,NOMINAL (RP),,SATUAN,NOMINAL (RP),,SATUAN,NOMINAL (RP),SATUAN,NOMINAL (RP),,SATUAN,NOMINAL (RP),,SATUAN,NOMINAL (RP),,SATUAN,NOMINAL (RP),,SATUAN,NOMINAL (RP),,SATUAN,NOMINAL (RP),,SATUAN,NOMINAL (RP),,SATUAN,NOMINAL (RP),,SATUAN,NOMINAL (RP),,SATUAN,NOMINAL (RP),,SATUAN,NOMINAL (RP),,SATUAN,NOMINAL (RP),
,GROSS SALES,POS 1,,,,,,,,,,,,,,,,,,,,,,,,,,,,,,,,,,,,,,,,,,,,,,,,,,,,,,,,,,,,,,,,,,,,,,,,,,,,,,,,,,,,,,,,,,,,,,,,,,,,,,,,,,,,,,,,,,,,,,,,,,,,,,,,,,,,,,,,,,,,,,,,,,,,,,,,,,,,,,,,,,,,,,,,,,,,,,,,,,,,,,,,,,,,,,,,,,,,,,,,,,,,,,,,,,,,,,,,,,,,,,,,,,,,,,,,,,,,,,,,,,,,,,,,,,,,,,,,,,,,,,,,,,,,,,,,,,,,,,,,,,
,,POS 2,,"4,840,563",,,"2,198,015",,,,,,,,,,,,,,,,,,,,,,,,,,,,,,,,,,,,,,,,,,,,,,,,,,,,,,,,,,,,,,,,,,,,,,,,,,,,,,,,,,,,,,,,,,,,,,,,,,,,,,,,,,,,,,,,,,,,,,,,,,,,,,,,,,,,,,,,,,,,,,,,,,,,,,,,,,,,,,,,,,,,,,,,,,,,,,,,,,,,,,,,,,,,,,,,,,,,,,,,,,,,,,,,,,,,,,,,,,,,,,,,,,,,,,,,,,,,,,,,,,,,,,,,,,,,,,,,,,,,,,,,,,,,,,,,,,,,,
,,POS 7,,,,,,,,,,,,,,,,,,,,,,,,,,,,,,,,,,,,,,,,,,,,,,,,,,,,,,,,,,,,,,,,,,,,,,,,,,,,,,,,,,,,,,,,,,,,,,,,,,,,,,,,,,,,,,,,,,,,,,,,,,,,,,,,,,,,,,,,,,,,,,,,,,,,,,,,,,,,,,,,,,,,,,,,,,,,,,,,,,,,,,,,,,,,,,,,,,,,,,,,,,,,,,,,,,,,,,,,,,,,,,,,,,,,,,,,,,,,,,,,,,,,,,,,,,,,,,,,,,,,,,,,,,,,,,,,,,,,,,,,,,
,,POS 8,,,"4,840,563",,,"2,198,015",,,,,,0,,,0,,,,,,0,,,0,,,,,,0,,,0,,,,,0,,,0,,,,,,0,,,0,,,,,,0,,,0,,,,,,0,,,0,,,,,0,,,0,,,,,,0,,,0,,,,,,0,,,0,,,,,,0,,,0,,,,,0,,,0,,,,,,0,,,0,,,,,,0,,,0,,,,,,0,,,0,,,,,,0,,,0,,,,,,0,,,0,,,,,,0,,,0,,,,,,0,,,0,,,,,0,,,0,,,,,,0,,,0,,,,,,0,,,0,,,,,,0,,,0,,,,,0,,,0,,,,,,0,,,0,,,,,,0,,,0,,,,,,0,,,0,,,,,0,,,0,,,,,,0,,,0,,,,,,,,,0,,,0,,,0,,,0,,,0
,NOMINAL,JUMLAH,,,,,,,,,,,,,,,,,,,,,,,,,,,,,,,,,,,,,,,,,,,,,,,,,,,,,,,,,,,,,,,,,,,,,,,,,,,,,,,,,,,,,,,,,,,,,,,,,,,,,,,,,,,,,,,,,,,,,,,,,,,,,,,,,,,,,,,,,,,,,,,,,,,,,,,,,,,,,,,,,,,,,,,,,,,,,,,,,,,,,,,,,,,,,,,,,,,,,,,,,,,,,,,,,,,,,,,,,,,,,,,,,,,,,,,,,,,,,,,,,,,,,,,,,,,,,,,,,,,,,,,,,,,,,,,,,,,,,,,,,,
,100000,LEMBAR,8,"800,000",,4,"400,000",,,0,,,0,,,0,,,0,,,0,,,0,,,0,,,0,,,0,,,0,,0,,,0,,,0,,,0,,,0,,,0,,,0,,,0,,,0,,,0,,,0,,,0,,0,,,0,,,0,,,0,,,0,,,0,,,0,,,0,,34,"3,400,000",,,0,,,0,,,0,,0,,,0,,,0,,,0,,,0,,,0,,,0,,,0,,,0,,,0,,,0,,,0,,,0,,,0,,,0,,,0,,,0,,,0,,,0,,,0,,,0,,,0,,,0,,,0,,0,,,0,,,0,,,0,,,0,,,0,,,0,,,0,,,0,,,0,,,0,,,0,,0,,,0,,,0,,,0,,,0,,,0,,,0,,,0,,,0,,,0,,,0,,,0,,0,,,0,,,0,,,0,,,0,,,0,,,0,,,0,,,0,,,0,,,0,,,0,
,75000,LEMBAR,,0,,,0,,,0,,,0,,,0,,,0,,,0,,,0,,,0,,,0,,,0,,,0,,0,,,0,,,0,,,0,,,0,,,0,,,0,,,0,,,0,,,0,,,0,,,0,,0,,,0,,,0,,,0,,,0,,,0,,,0,,,0,,,0,,,0,,,0,,,0,,0,,,0,,,0,,,0,,,0,,,0,,,0,,,0,,,0,,,0,,,0,,,0,,,0,,,0,,,0,,,0,,,0,,,0,,,0,,,0,,,0,,,0,,,0,,,0,,0,,,0,,,0,,,0,,,0,,,0,,,0,,,0,,,0,,,0,,,0,,,0,,0,,,0,,,0,,,0,,,0,,,0,,,0,,,0,,,0,,,0,,,0,,,0,,0,,,0,,,0,,,0,,,0,,,0,,,0,,,0,,,0,,,0,,,0,,,0,
,50000,LEMBAR,7,"350,000",,1,"50,000",,,0,,,0,,,0,,,0,,,0,,,0,,,0,,,0,,,0,,,0,,0,,,0,,,0,,,0,,,0,,,0,,,0,,,0,,,0,,,0,,,0,,,0,,0,,,0,,,0,,,0,,,0,,,0,,,0,,,0,,1,"50,000",,,0,,,0,,,0,,0,,,0,,,0,,,0,,,0,,,0,,,0,,,0,,,0,,,0,,,0,,,0,,,0,,,0,,,0,,,0,,,0,,,0,,,0,,,0,,,0,,,0,,,0,,,0,,0,,,0,,,0,,,0,,,0,,,0,,,0,,,0,,,0,,,0,,,0,,,0,,0,,,0,,,0,,,0,,,0,,,0,,,0,,,0,,,0,,,0,,,0,,,0,,0,,,0,,,0,,,0,,,0,,,0,,,0,,,0,,,0,,,0,,,0,,,0,
,20000,LEMBAR,,0,,1,"20,000",,,0,,,0,,,0,,,0,,,0,,,0,,,0,,,0,,,0,,,0,,0,,,0,,,0,,,0,,,0,,,0,,,0,,,0,,,0,,,0,,,0,,,0,,0,,,0,,,0,,,0,,,0,,,0,,,0,,,0,,,0,,,0,,,0,,,0,,0,,,0,,,0,,,0,,,0,,,0,,,0,,,0,,,0,,,0,,,0,,,0,,,0,,,0,,,0,,,0,,,0,,,0,,,0,,,0,,,0,,,0,,,0,,,0,,0,,,0,,,0,,,0,,,0,,,0,,,0,,,0,,,0,,,0,,,0,,,0,,0,,,0,,,0,,,0,,,0,,,0,,,0,,,0,,,0,,,0,,,0,,,0,,0,,,0,,,0,,,0,,,0,,,0,,,0,,,0,,,0,,,0,,,0,,,0,
,10000,LEMBAR,9,"90,000",,1,"10,000",,,0,,,0,,,0,,,0,,,0,,,0,,,0,,,0,,,0,,,0,,0,,,0,,,0,,,0,,,0,,,0,,,0,,,0,,,0,,,0,,,0,,,0,,0,,,0,,,0,,,0,,,0,,,0,,,0,,,0,,,0,,,0,,,0,,,0,,0,,,0,,,0,,,0,,,0,,,0,,,0,,,0,,,0,,,0,,,0,,,0,,,0,,,0,,,0,,,0,,,0,,,0,,,0,,,0,,,0,,,0,,,0,,,0,,0,,,0,,,0,,,0,,,0,,,0,,,0,,,0,,,0,,,0,,,0,,,0,,0,,,0,,,0,,,0,,,0,,,0,,,0,,,0,,,0,,,0,,,0,,,0,,0,,,0,,,0,,,0,,,0,,,0,,,0,,,0,,,0,,,0,,,0,,,0,
,5000,LEMBAR,,0,,,0,,,0,,,0,,,0,,,0,,,0,,,0,,,0,,,0,,,0,,,0,,0,,,0,,,0,,,0,,,0,,,0,,,0,,,0,,,0,,,0,,,0,,,0,,0,,,0,,,0,,,0,,,0,,,0,,,0,,,0,,,0,,,0,,,0,,,0,,0,,,0,,,0,,,0,,,0,,,0,,,0,,,0,,,0,,,0,,,0,,,0,,,0,,,0,,,0,,,0,,,0,,,0,,,0,,,0,,,0,,,0,,,0,,,0,,0,,,0,,,0,,,0,,,0,,,0,,,0,,,0,,,0,,,0,,,0,,,0,,0,,,0,,,0,,,0,,,0,,,0,,,0,,,0,,,0,,,0,,,0,,,0,,0,,,0,,,0,,,0,,,0,,,0,,,0,,,0,,,0,,,0,,,0,,,0,
,2000,LEMBAR,,0,,1,"2,000",,,0,,,0,,,0,,,0,,,0,,,0,,,0,,,0,,,0,,,0,,0,,,0,,,0,,,0,,,0,,,0,,,0,,,0,,,0,,,0,,,0,,,0,,0,,,0,,,0,,,0,,,0,,,0,,,0,,,0,,20,"40,000",,,0,,,0,,,0,,0,,,0,,,0,,,0,,,0,,,0,,,0,,,0,,,0,,,0,,,0,,,0,,,0,,,0,,,0,,,0,,,0,,,0,,,0,,,0,,,0,,,0,,,0,,,0,,0,,,0,,,0,,,0,,,0,,,0,,,0,,,0,,,0,,,0,,,0,,,0,,0,,,0,,,0,,,0,,,0,,,0,,,0,,,0,,,0,,,0,,,0,,,0,,0,,,0,,,0,,,0,,,0,,,0,,,0,,,0,,,0,,,0,,,0,,,0,
,1000,LEMBAR,,0,,1,"1,000",,,0,,,0,,,0,,,0,,,0,,,0,,,0,,,0,,,0,,,0,,0,,,0,,,0,,,0,,,0,,,0,,,0,,,0,,,0,,,0,,,0,,,0,,0,,,0,,,0,,,0,,,0,,,0,,,0,,,0,,,0,,,0,,,0,,,0,,0,,,0,,,0,,,0,,,0,,,0,,,0,,,0,,,0,,,0,,,0,,,0,,,0,,,0,,,0,,,0,,,0,,,0,,,0,,,0,,,0,,,0,,,0,,,0,,0,,,0,,,0,,,0,,,0,,,0,,,0,,,0,,,0,,,0,,,0,,,0,,0,,,0,,,0,,,0,,,0,,,0,,,0,,,0,,,0,,,0,,,0,,,0,,0,,,0,,,0,,,0,,,0,,,0,,,0,,,0,,,0,,,0,,,0,,,0,
,1000,KOIN,2,"2,000",,,0,,,0,,,0,,,0,,,0,,,0,,,0,,,0,,,0,,,0,,,0,,0,,,0,,,0,,,0,,,0,,,0,,,0,,,0,,,0,,,0,,,0,,,0,,0,,,0,,,0,,,0,,,0,,,0,,,0,,,0,,,0,,,0,,,0,,,0,,0,,,0,,,0,,,0,,,0,,,0,,,0,,,0,,,0,,,0,,,0,,,0,,,0,,,0,,,0,,,0,,,0,,,0,,,0,,,0,,,0,,,0,,,0,,,0,,0,,,0,,,0,,,0,,,0,,,0,,,0,,,0,,,0,,,0,,,0,,,0,,0,,,0,,,0,,,0,,,0,,,0,,,0,,,0,,,0,,,0,,,0,,,0,,0,,,0,,,0,,,0,,,0,,,0,,,0,,,0,,,0,,,0,,,0,,,0,
,500,KOIN,1,500,,,0,,,0,,,0,,,0,,,0,,,0,,,0,,,0,,,0,,,0,,,0,,0,,,0,,,0,,,0,,,0,,,0,,,0,,,0,,,0,,,0,,,0,,,0,,0,,,0,,,0,,,0,,,0,,,0,,,0,,,0,,,0,,,0,,,0,,,0,,0,,,0,,,0,,,0,,,0,,,0,,,0,,,0,,,0,,,0,,,0,,,0,,,0,,,0,,,0,,,0,,,0,,,0,,,0,,,0,,,0,,,0,,,0,,,0,,0,,,0,,,0,,,0,,,0,,,0,,,0,,,0,,,0,,,0,,,0,,,0,,0,,,0,,,0,,,0,,,0,,,0,,,0,,,0,,,0,,,0,,,0,,,0,,0,,,0,,,0,,,0,,,0,,,0,,,0,,,0,,,0,,,0,,,0,,,0,
,200,KOIN,,0,,,0,,,0,,,0,,,0,,,0,,,0,,,0,,,0,,,0,,,0,,,0,,0,,,0,,,0,,,0,,,0,,,0,,,0,,,0,,,0,,,0,,,0,,,0,,0,,,0,,,0,,,0,,,0,,,0,,,0,,,0,,,0,,,0,,,0,,,0,,0,,,0,,,0,,,0,,,0,,,0,,,0,,,0,,,0,,,0,,,0,,,0,,,0,,,0,,,0,,,0,,,0,,,0,,,0,,,0,,,0,,,0,,,0,,,0,,0,,,0,,,0,,,0,,,0,,,0,,,0,,,0,,,0,,,0,,,0,,,0,,0,,,0,,,0,,,0,,,0,,,0,,,0,,,0,,,0,,,0,,,0,,,0,,0,,,0,,,0,,,0,,,0,,,0,,,0,,,0,,,0,,,0,,,0,,,0,
,100,KOIN,,0,"1,242,500",,0,"483,000",,0,0,,0,0,,0,0,,0,0,,0,0,,0,0,,0,0,,0,0,,0,0,,0,,0,0,,0,0,,0,0,,0,0,,0,0,,0,0,,0,0,,0,0,,0,0,,0,0,,0,0,,0,,0,0,,0,0,,0,0,,0,0,,0,0,,0,0,,0,0,,0,0,,0,"3,490,000",,0,0,,0,0,,0,,0,0,,0,0,,0,0,,0,0,,0,0,,0,0,,0,0,,0,0,,0,0,,0,0,,0,0,,0,0,,0,0,,0,0,,0,0,,0,0,,0,0,,0,0,,0,0,,0,0,,0,0,,0,0,,0,0,,0,,0,0,,0,0,,0,0,,0,0,,0,0,,0,0,,0,0,,0,0,,0,0,,0,0,,0,0,,0,,0,0,,0,0,,0,0,,0,0,,0,0,,0,0,,0,0,,0,0,,0,0,,0,0,,0,0,,0,,0,0,,0,0,,0,0,,0,0,,0,0,,0,0,,0,0,,0,0,,0,0,,0,0,,0,0,,0,0
,EDC,BCA,,"1,447,512",,,"887,500",,,,,,,,,,,,,,,,,,,,,,,,,,,,,,,,,,,,,,,,,,,,,,,,,,,,,,,,,,,,,,,,,,,,,,,,,,,,,,,,,,,,,,,,,,,,,,,,,,,,,,,,,,,,,,,,,,,,,,,,,,,,,,,,,,,,,,,,,,,,,,,,,,,,,,,,,,,,,,,,,,,,,,,,,,,,,,,,,,,,,,,,,,,,,,,,,,,,,,,,,,,,,,,,,,,,,,,,,,,,,,,,,,,,,,,,,,,,,,,,,,,,,,,,,,,,,,,,,,,,,,,,,,,,,,,,,,,,,
,,MANDIRI,,"98,001",,,,,,,,,,,,,,,,,,,,,,,,,,,,,,,,,,,,,,,,,,,,,,,,,,,,,,,,,,,,,,,,,,,,,,,,,,,,,,,,,,,,,,,,,,,,,,,,,,,,,,,,,,,,,,,,,,,,,,,,,,,,,,,,,,,,,,,,,,,,,,,,,,,,,,,,,,,,,,,,,,,,,,,,,,,,,,,,,,,,,,,,,,,,,,,,,,,,,,,,,,,,,,,,,,,,,,,,,,,,,,,,,,,,,,,,,,,,,,,,,,,,,,,,,,,,,,,,,,,,,,,,,,,,,,,,,,,,,,,,
,,NIAGA,,,,,,,,,,,,,,,,,,,,,,,,,,,,,,,,,,,,,,,,,,,,,,,,,,,,,,,,,,,,,,,,,,,,,,,,,,,,,,,,,,,,,,,,,,,,,,,,,,,,,,,,,,,,,,,,,,,,,,,,,,,,,,,,,,,,,,,,,,,,,,,,,,,,,,,,,,,,,,,,,,,,,,,,,,,,,,,,,,,,,,,,,,,,,,,,,,,,,,,,,,,,,,,,,,,,,,,,,,,,,,,,,,,,,,,,,,,,,,,,,,,,,,,,,,,,,,,,,,,,,,,,,,,,,,,,,,,,,,,,,,
,,GOBIZ,,"167,005",,,,,,,,,,,,,,,,,,,,,,,,,,,,,,,,,,,,,,,,,,,,,,,,,,,,,,,,,,,,,,,,,,,,,,,,,,,,,,,,,,,,,,,,,,,,,,,,,,,,,,,,,,,,,,,,,,,,,,,,,,,,,,,,,,,,,,,,,,,,,,,,,,,,,,,,,,,,,,,,,,,,,,,,,,,,,,,,,,,,,,,,,,,,,,,,,,,,,,,,,,,,,,,,,,,,,,,,,,,,,,,,,,,,,,,,,,,,,,,,,,,,,,,,,,,,,,,,,,,,,,,,,,,,,,,,,,,,,,,,
,,BRI,,,,,"87,000",,,,,,,,,,,,,,,,,,,,,,,,,,,,,,,,,,,,,,,,,,,,,,,,,,,,,,,,,,,,,,,,,,,,,,,,,,,,,,,,,,,,,,,,,,,,,,,,,,,,,,,,,,,,,,,,,,,,,,,,,,,,,,,,,,,,,,,,,,,,,,,,,,,,,,,,,,,,,,,,,,,,,,,,,,,,,,,,,,,,,,,,,,,,,,,,,,,,,,,,,,,,,,,,,,,,,,,,,,,,,,,,,,,,,,,,,,,,,,,,,,,,,,,,,,,,,,,,,,,,,,,,,,,,,,,,,,,,,
,,BNI,,,,,,,,,,,,,,,,,,,,,,,,,,,,,,,,,,,,,,,,,,,,,,,,,,,,,,,,,,,,,,,,,,,,,,,,,,,,,,,,,,,,,,,,,,,,,,,,,,,,,,,,,,,,,,,,,,,,,,,,,,,,,,,,,,,,,,,,,,,,,,,,,,,,,,,,,,,,,,,,,,,,,,,,,,,,,,,,,,,,,,,,,,,,,,,,,,,,,,,,,,,,,,,,,,,,,,,,,,,,,,,,,,,,,,,,,,,,,,,,,,,,,,,,,,,,,,,,,,,,,,,,,,,,,,,,,,,,,,,,,,
,,PG MANDIRI,,,,,,,,,,,,,,,,,,,,,,,,,,,,,,,,,,,,,,,,,,,,,,,,,,,,,,,,,,,,,,,,,,,,,,,,,,,,,,,,,,,,,,,,,,,,,,,,,,,,,,,,,,,,,,,,,,,,,,,,,,,,,,,,,,,,,,,,,,,,,,,,,,,,,,,,,,,,,,,,,,,,,,,,,,,,,,,,,,,,,,,,,,,,,,,,,,,,,,,,,,,,,,,,,,,,,,,,,,,,,,,,,,,,,,,,,,,,,,,,,,,,,,,,,,,,,,,,,,,,,,,,,,,,,,,,,,,,,,,,,,
,,DANA,,,,,,,,,,,,,,,,,,,,,,,,,,,,,,,,,,,,,,,,,,,,,,,,,,,,,,,,,,,,,,,,,,,,,,,,,,,,,,,,,,,,,,,,,,,,,,,,,,,,,,,,,,,,,,,,,,,,,,,,,,,,,,,,,,,,,,,,,,,,,,,,,,,,,,,,,,,,,,,,,,,,,,,,,,,,,,,,,,,,,,,,,,,,,,,,,,,,,,,,,,,,,,,,,,,,,,,,,,,,,,,,,,,,,,,,,,,,,,,,,,,,,,,,,,,,,,,,,,,,,,,,,,,,,,,,,,,,,,,,,,
,,GRAB PAY,,"1,471,534",,,"533,013",,,,,,,,,,,,,,,,,,,,,,,,,,,,,,,,,,,,,,,,,,,,,,,,,,,,,,,,,,,,,,,,,,,,,,,,,,,,,,,,,,,,,,,,,,,,,,,,,,,,,,,,,,,,,,,,,,,,,,,,,,,,,,,,,,,,,,,,,,,,,,,,,,,,,,,,,,,,,,,,,,,,,,,,,,,,,,,,,,,,,,,,,,,,,,,,,,,,,,,,,,,,,,,,,,,,,,,,,,,,,,,,,,,,,,,,,,,,,,,,,,,,,,,,,,,,,,,,,,,,,,,,,,,,,,,,,,,,,
,,SHOPEE PAY,,,,,,,,,,,,,,,,,,,,,,,,,,,,,,,,,,,,,,,,,,,,,,,,,,,,,,,,,,,,,,,,,,,,,,,,,,,,,,,,,,,,,,,,,,,,,,,,,,,,,,,,,,,,,,,,,,,,,,,,,,,,,,,,,,,,,,,,,,,,,,,,,,,,,,,,,,,,,,,,,,,,,,,,,,,,,,,,,,,,,,,,,,,,,,,,,,,,,,,,,,,,,,,,,,,,,,,,,,,,,,,,,,,,,,,,,,,,,,,,,,,,,,,,,,,,,,,,,,,,,,,,,,,,,,,,,,,,,,,,,,
,,SHOPEE FOOD,,"414,011",,,"207,502",,,,,,,,,,,,,,,,,,,,,,,,,,,,,,,,,,,,,,,,,,,,,,,,,,,,,,,,,,,,,,,,,,,,,,,,,,,,,,,,,,,,,,,,,,,,,,,,,,,,,,,,,,,,,,,,,,,,,,,,,,,,,,,,,,,,,,,,,,,,,,,,,,,,,,,,,,,,,,,,,,,,,,,,,,,,,,,,,,,,,,,,,,,,,,,,,,,,,,,,,,,,,,,,,,,,,,,,,,,,,,,,,,,,,,,,,,,,,,,,,,,,,,,,,,,,,,,,,,,,,,,,,,,,,,,,,,,,,
,OTHERS,PG MIDTRANS,,,,,,,,,,,,,,,,,,,,,,,,,,,,,,,,,,,,,,,,,,,,,,,,,,,,,,,,,,,,,,,,,,,,,,,,,,,,,,,,,,,,,,,,,,,,,,,,,,,,,,,,,,,,,,,,,,,,,,,,,,,,,,,,,,,,,,,,,,,,,,,,,,,,,,,,,,,,,,,,,,,,,,,,,,,,,,,,,,,,,,,,,,,,,,,,,,,,,,,,,,,,,,,,,,,,,,,,,,,,,,,,,,,,,,,,,,,,,,,,,,,,,,,,,,,,,,,,,,,,,,,,,,,,,,,,,,,,,,,,,,
,,DOWN PAYMENT,,,,,,,,,,,,,,,,,,,,,,,,,,,,,,,,,,,,,,,,,,,,,,,,,,,,,,,,,,,,,,,,,,,,,,,,,,,,,,,,,,,,,,,,,,,,,,,,,,,,,,,,,,,,,,,,,,,,,,,,,,,,,,,,,,,,,,,,,,,,,,,,,,,,,,,,,,,,,,,,,,,,,,,,,,,,,,,,,,,,,,,,,,,,,,,,,,,,,,,,,,,,,,,,,,,,,,,,,,,,,,,,,,,,,,,,,,,,,,,,,,,,,,,,,,,,,,,,,,,,,,,,,,,,,,,,,,,,,,,,,,
,,PG OVO,,,,,,,,,,,,,,,,,,,,,,,,,,,,,,,,,,,,,,,,,,,,,,,,,,,,,,,,,,,,,,,,,,,,,,,,,,,,,,,,,,,,,,,,,,,,,,,,,,,,,,,,,,,,,,,,,,,,,,,,,,,,,,,,,,,,,,,,,,,,,,,,,,,,,,,,,,,,,,,,,,,,,,,,,,,,,,,,,,,,,,,,,,,,,,,,,,,,,,,,,,,,,,,,,,,,,,,,,,,,,,,,,,,,,,,,,,,,,,,,,,,,,,,,,,,,,,,,,,,,,,,,,,,,,,,,,,,,,,,,,,
,,,,,"3,598,063",,,"1,715,015",,,,,,0,,,0,,,,,,0,,,0,,,,,,0,,,0,,,,,0,,,0,,,,,,0,,,0,,,,,,0,,,0,,,,,,0,,,0,,,,,0,,,0,,,,,,0,,,0,,,,,,0,,,0,,,0,,,0,,,0,,,,,0,,,0,,,,,,0,,,0,,,,,,0,,,0,,,,,,0,,,0,,,0,,,0,,,0,,,,,,0,,,0,,,,,,0,,,0,,,,,,0,,,0,,,,,0,,,0,,,,,,0,,,0,,,,,,0,,,0,,,,,,0,,,0,,,,,0,,,0,,,0,,,0,,,0,,,,,,0,,,0,,,,,,0,,,0,,,,,0,,,0,,,,,,0,,,0,,,0,,,0,,,0,,,0,,,0,,,0,,,0
,PEMBULATAN,,,,"1,242,500",,,"483,000",,,0,,,0,,,0,,,,,,0,,,0,,,,,,0,,,,,,,,0,,,0,,,,,,0,,,0,,,,,,0,,,0,,,,,,0,,,0,,,,,0,,,0,,,,,,0,,,0,,,,,,0,,,0,,,,,,0,,,0,,,,,0,,,0,,,,,,0,,,0,,,,,,0,,,0,,,,,,0,,,0,,,,,,0,,,0,,,,,,0,,,0,,,,,,0,,,0,,,,,,0,,,0,,,,,0,,,0,,,,,,0,,,0,,,,,,0,,,0,,,,,,0,,,0,,,,,0,,,0,,,,,,0,,,0,,,,,,0,,,0,,,,,,0,,,0,,,,,0,,,0,,,,,,0,,,0,,,,,,,,,0,,,0,,,0,,,0,,,0
,TOTAL SALES,,,"1,242,500",,,"483,000",,,0,,,0,,,0,,,,,,0,,,0,,,,,,0,,,0,,,,,0,,,0,,,,,,0,,,0,,,,,,0,,,0,,,,,,0,,,0,,,,,0,,,0,,,,,,0,,,0,,,,,,0,,,0,,,,,,0,,,0,,,,,0,,,0,,,,,,0,,,0,,,,,,0,,,0,,,,,,0,,,0,,,,,,0,,,0,,,,,,0,,,0,,,,,,0,,,0,,,,,,0,,,0,,,,,0,,,0,,,,,,0,,,0,,,,,,0,,,0,,,,,,0,,,0,,,,,0,,,0,,,,,,0,,,0,,,,,,0,,,0,,,,,,0,,,0,,,,,0,,,0,,,,,,0,,,0,,,,,,,,,0,,,0,,,0,,,0,,,0,
,,,SESUAI,,,SESUAI,,,SESUAI,,,SESUAI,,,SESUAI,,,SESUAI,,,SESUAI,,,SESUAI,,,SESUAI,,,SESUAI,,,SESUAI,,,SESUAI,,SESUAI,,,SESUAI,,,SESUAI,,,SESUAI,,,SESUAI,,,SESUAI,,,SESUAI,,,SESUAI,,,SESUAI,,,SESUAI,,,SESUAI,,,SESUAI,,SESUAI,,,SESUAI,,,SESUAI,,,SESUAI,,,SESUAI,,,SESUAI,,,SESUAI,,,SESUAI,,,TIDAK SESUAI,,,SESUAI,,,SESUAI,,,SESUAI,,SESUAI,,,SESUAI,,,SESUAI,,,SESUAI,,,SESUAI,,,SESUAI,,,SESUAI,,,SESUAI,,,SESUAI,,,SESUAI,,,SESUAI,,,SESUAI,,,SESUAI,,,SESUAI,,,SESUAI,,,SESUAI,,,SESUAI,,,SESUAI,,,SESUAI,,,SESUAI,,,SESUAI,,,SESUAI,,,SESUAI,,,SESUAI,,SESUAI,,,SESUAI,,,SESUAI,,,SESUAI,,,SESUAI,,,SESUAI,,,SESUAI,,,SESUAI,,,SESUAI,,,SESUAI,,,SESUAI,,,SESUAI,,SESUAI,,,SESUAI,,,SESUAI,,,SESUAI,,,SESUAI,,,SESUAI,,,SESUAI,,,SESUAI,,,SESUAI,,,SESUAI,,,SESUAI,,,SESUAI,,SESUAI,,,SESUAI,,,SESUAI,,,SESUAI,,,SESUAI,,,SESUAI,,,SESUAI,,,SESUAI,,,SESUAI,,,SESUAI,,,SESUAI,,,SESUAI,,
MODAL BRANGKAS,MODAL AWAL,,"8,000,000",,,,,,,,,"8,000,000",,,,,,,,,,,,,,,,,,,,,,,,,,,,,,,,,,,,,,,,,,,,,,,,,,,,,,,,,,,,,,,,,,,,,,,,,,,,,,,,,,,,,,,,,,,,,,,,,,,,,,,,,,,,,,,,,,,,,,,,,,,,,,,,,,,,,,,,,,,,,,,,,,,,,,,,,,,,,,,,,,,,,,,,,,,,,,,,,,,,,,,,,,,,,,,,,,,,,,,,,,,,,,,,,,,,,,,,,,,,,,,,,,,,,,,,,,,,,,,,,,,,,,,,,,,,,,,,,,,,,,,,,,,,,,,,
,CASH MODAL,,"5,286,500",,,0,,,"9,666,500",,,0,,,0,,,0,,,0,,,0,,,0,,,0,,,0,,,0,,0,,,0,,,0,,,0,,,0,,,0,,,0,,,0,,,0,,,0,,,0,,,0,,0,,,0,,,0,,,0,,,0,,,0,,,0,,,0,,,0,,,0,,,0,,,0,,0,,,0,,,0,,,0,,,0,,,0,,,0,,,0,,,0,,,0,,,0,,,0,,,0,,,0,,,0,,,0,,,0,,,0,,,0,,,0,,,0,,,0,,,0,,,0,,0,,,0,,,0,,,0,,,0,,,0,,,0,,,0,,,0,,,0,,,0,,,0,,0,,,0,,,0,,,0,,,0,,,0,,,0,,,0,,,0,,,0,,,0,,,0,,0,,,0,,,0,,,0,,,0,,,0,,,0,,,0,,,0,,,0,,,0,,,0,,
,PETTYCASH,MANUAL,"50,000",,,,,,,,,"50,000",,,,,,,,,,,,,,,,,,,,,,,,,,,,,,,,,,,,,,,,,,,,,,,,,,,,,,,,,,,,,,,,,,,,,,,,,,,,,,,,,,,,,,,,,,,,,,,,,,,,,,,,,,,,,,,,,,,,,,,,,,,,,,,,,,,,,,,,,,,,,,,,,,,,,,,,,,,,,,,,,,,,,,,,,,,,,,,,,,,,,,,,,,,,,,,,,,,,,,,,,,,,,,,,,,,,,,,,,,,,,,,,,,,,,,,,,,,,,,,,,,,,,,,,,,,,,,,,,,,,,,,,,,,,,,,,
,,TERKIRIM,"1,211,400",,,,,,,,,"1,211,400",,,,,,,,,,,,,,,,,,,,,,,,,,,,,,,,,,,,,,,,,,,,,,,,,,,,,,,,,,,,,,,,,,,,,,,,,,,,,,,,,,,,,,,,,,,,,,,,,,,,,,,,,,,,,,,,,,,,,,,,,,,,,,,,,,,,,,,,,,,,,,,,,,,,,,,,,,,,,,,,,,,,,,,,,,,,,,,,,,,,,,,,,,,,,,,,,,,,,,,,,,,,,,,,,,,,,,,,,,,,,,,,,,,,,,,,,,,,,,,,,,,,,,,,,,,,,,,,,,,,,,,,,,,,,,,,
,,BELUM KIRIM,"1,052,200",,,,,,,,,"1,052,200",,,,,,,,,,,,,,,,,,,,,,,,,,,,,,,,,,,,,,,,,,,,,,,,,,,,,,,,,,,,,,,,,,,,,,,,,,,,,,,,,,,,,,,,,,,,,,,,,,,,,,,,,,,,,,,,,,,,,,,,,,,,,,,,,,,,,,,,,,,,,,,,,,,,,,,,,,,,,,,,,,,,,,,,,,,,,,,,,,,,,,,,,,,,,,,,,,,,,,,,,,,,,,,,,,,,,,,,,,,,,,,,,,,,,,,,,,,,,,,,,,,,,,,,,,,,,,,,,,,,,,,,,,,,,,,,
,100000,LEMBAR,2,"200,000",,,0,,9,"900,000",,,0,,,0,,,,,,0,,,0,,,,,,0,,,0,,,,,0,,,0,,,,,,0,,,0,,,,,,0,,,0,,,,,,0,,,0,,,,,0,,,0,,,,,,0,,,0,,,,,,0,,,0,,,0,,,0,,,0,,,,,0,,,0,,,,,,0,,,0,,,,,,0,,,0,,,,,,0,,,0,,,0,,,0,,,0,,,,,,0,,,0,,,,,,0,,,0,,,,,,0,,,0,,,,,0,,,0,,,,,,0,,,0,,,,,,0,,,0,,,,,,0,,,0,,,,,0,,,0,,,,,,0,,,0,,,,,,0,,,0,,,,,,0,,,0,,,,,0,,,0,,,,,,0,,,0,,,,,,0,,,0,,,0,,,0,,,0,,,0,
,75000,LEMBAR,,0,,,0,,,0,,,0,,,0,,,,,,0,,,0,,,,,,0,,,0,,,,,0,,,0,,,,,,0,,,0,,,,,,0,,,0,,,,,,0,,,0,,,,,0,,,0,,,,,,0,,,0,,,,,,0,,,0,,,0,,,0,,,0,,,,,0,,,0,,,,,,0,,,0,,,,,,0,,,0,,,,,,0,,,0,,,0,,,0,,,0,,,,,,0,,,0,,,,,,0,,,0,,,,,,0,,,0,,,,,0,,,0,,,,,,0,,,0,,,,,,0,,,0,,,,,,0,,,0,,,,,0,,,0,,,,,,0,,,0,,,,,,0,,,0,,,,,,0,,,0,,,,,0,,,0,,,,,,0,,,0,,,,,,0,,,0,,,0,,,0,,,0,,,0,
,50000,LEMBAR,9,"450,000",,,0,,49,"2,450,000",,,0,,,0,,,,,,0,,,0,,,,,,0,,,0,,,,,0,,,0,,,,,,0,,,0,,,,,,0,,,0,,,,,,0,,,0,,,,,0,,,0,,,,,,0,,,0,,,,,,0,,,0,,,0,,,0,,,0,,,,,0,,,0,,,,,,0,,,0,,,,,,0,,,0,,,,,,0,,,0,,,0,,,0,,,0,,,,,,0,,,0,,,,,,0,,,0,,,,,,0,,,0,,,,,0,,,0,,,,,,0,,,0,,,,,,0,,,0,,,,,,0,,,0,,,,,0,,,0,,,,,,0,,,0,,,,,,0,,,0,,,,,,0,,,0,,,,,0,,,0,,,,,,0,,,0,,,,,,0,,,0,,,0,,,0,,,0,,,0,
,20000,LEMBAR,4,"80,000",,,0,,2,"40,000",,,0,,,0,,,,,,0,,,0,,,,,,0,,,0,,,,,0,,,0,,,,,,0,,,0,,,,,,0,,,0,,,,,,0,,,0,,,,,0,,,0,,,,,,0,,,0,,,,,,0,,,0,,,0,,,0,,,0,,,,,0,,,0,,,,,,0,,,0,,,,,,0,,,0,,,,,,0,,,0,,,0,,,0,,,0,,,,,,0,,,0,,,,,,0,,,0,,,,,,0,,,0,,,,,0,,,0,,,,,,0,,,0,,,,,,0,,,0,,,,,,0,,,0,,,,,0,,,0,,,,,,0,,,0,,,,,,0,,,0,,,,,,0,,,0,,,,,0,,,0,,,,,,0,,,0,,,,,,0,,,0,,,0,,,0,,,0,,,0,
,10000,LEMBAR,54,"540,000",,,0,,213,"2,130,000",,,0,,,0,,,,,,0,,,0,,,,,,0,,,0,,,,,0,,,0,,,,,,0,,,0,,,,,,0,,,0,,,,,,0,,,0,,,,,0,,,0,,,,,,0,,,0,,,,,,0,,,0,,,0,,,0,,,0,,,,,0,,,0,,,,,,0,,,0,,,,,,0,,,0,,,,,,0,,,0,,,0,,,0,,,0,,,,,,0,,,0,,,,,,0,,,0,,,,,,0,,,0,,,,,0,,,0,,,,,,0,,,0,,,,,,0,,,0,,,,,,0,,,0,,,,,0,,,0,,,,,,0,,,0,,,,,,0,,,0,,,,,,0,,,0,,,,,0,,,0,,,,,,0,,,0,,,,,,0,,,0,,,0,,,0,,,0,,,0,
,5000,LEMBAR,401,"2,005,000",,,0,,435,"2,175,000",,,0,,,0,,,,,,0,,,0,,,,,,0,,,0,,,,,0,,,0,,,,,,0,,,0,,,,,,0,,,0,,,,,,0,,,0,,,,,0,,,0,,,,,,0,,,0,,,,,,0,,,0,,,0,,,0,,,0,,,,,0,,,0,,,,,,0,,,0,,,,,,0,,,0,,,,,,0,,,0,,,0,,,0,,,0,,,,,,0,,,0,,,,,,0,,,0,,,,,,0,,,0,,,,,0,,,0,,,,,,0,,,0,,,,,,0,,,0,,,,,,0,,,0,,,,,0,,,0,,,,,,0,,,0,,,,,,0,,,0,,,,,,0,,,0,,,,,0,,,0,,,,,,0,,,0,,,,,,0,,,0,,,0,,,0,,,0,,,0,
,2000,LEMBAR,805,"1,610,000",,,0,,768,"1,536,000",,,0,,,0,,,,,,0,,,0,,,,,,0,,,0,,,,,0,,,0,,,,,,0,,,0,,,,,,0,,,0,,,,,,0,,,0,,,,,0,,,0,,,,,,0,,,0,,,,,,0,,,0,,,0,,,0,,,0,,,,,0,,,0,,,,,,0,,,0,,,,,,0,,,0,,,,,,0,,,0,,,0,,,0,,,0,,,,,,0,,,0,,,,,,0,,,0,,,,,,0,,,0,,,,,0,,,0,,,,,,0,,,0,,,,,,0,,,0,,,,,,0,,,0,,,,,0,,,0,,,,,,0,,,0,,,,,,0,,,0,,,,,,0,,,0,,,,,0,,,0,,,,,,0,,,0,,,,,,0,,,0,,,0,,,0,,,0,,,0,
,1000,LEMBAR,7,"7,000",,,0,,,0,,,0,,,0,,,,,,0,,,0,,,,,,0,,,0,,,,,0,,,0,,,,,,0,,,0,,,,,,0,,,0,,,,,,0,,,0,,,,,0,,,0,,,,,,0,,,0,,,,,,0,,,0,,,0,,,0,,,0,,,,,0,,,0,,,,,,0,,,0,,,,,,0,,,0,,,,,,0,,,0,,,0,,,0,,,0,,,,,,0,,,0,,,,,,0,,,0,,,,,,0,,,0,,,,,0,,,0,,,,,,0,,,0,,,,,,0,,,0,,,,,,0,,,0,,,,,0,,,0,,,,,,0,,,0,,,,,,0,,,0,,,,,,0,,,0,,,,,0,,,0,,,,,,0,,,0,,,,,,0,,,0,,,0,,,0,,,0,,,0,
,1000,KOIN,0,0,,,0,,,0,,,0,,,0,,,,,,0,,,0,,,,,,0,,,0,,,,,0,,,0,,,,,,0,,,0,,,,,,0,,,0,,,,,,0,,,0,,,,,0,,,0,,,,,,0,,,0,,,,,,0,,,0,,,0,,,0,,,0,,,,,0,,,0,,,,,,0,,,0,,,,,,0,,,0,,,,,,0,,,0,,,0,,,0,,,0,,,,,,0,,,0,,,,,,0,,,0,,,,,,0,,,0,,,,,0,,,0,,,,,,0,,,0,,,,,,0,,,0,,,,,,0,,,0,,,,,0,,,0,,,,,,0,,,0,,,,,,0,,,0,,,,,,0,,,0,,,,,0,,,0,,,,,,0,,,0,,,,,,0,,,0,,,0,,,0,,,0,,,0,
,500,KOIN,789,"394,500",,,0,,871,"435,500",,,0,,,0,,,,,,0,,,0,,,,,,0,,,0,,,,,0,,,0,,,,,,0,,,0,,,,,,0,,,0,,,,,,0,,,0,,,,,0,,,0,,,,,,0,,,0,,,,,,0,,,0,,,0,,,0,,,0,,,,,0,,,0,,,,,,0,,,0,,,,,,0,,,0,,,,,,0,,,0,,,0,,,0,,,0,,,,,,0,,,0,,,,,,0,,,0,,,,,,0,,,0,,,,,0,,,0,,,,,,0,,,0,,,,,,0,,,0,,,,,,0,,,0,,,,,0,,,0,,,,,,0,,,0,,,,,,0,,,0,,,,,,0,,,0,,,,,0,,,0,,,,,,0,,,0,,,,,,0,,,0,,,0,,,0,,,0,,,0,
,200,KOIN,,0,,,0,,,0,,,0,,,0,,,,,,0,,,0,,,,,,0,,,0,,,,,0,,,0,,,,,,0,,,0,,,,,,0,,,0,,,,,,0,,,0,,,,,0,,,0,,,,,,0,,,0,,,,,,0,,,0,,,0,,,0,,,0,,,,,0,,,0,,,,,,0,,,0,,,,,,0,,,0,,,,,,0,,,0,,,0,,,0,,,0,,,,,,0,,,0,,,,,,0,,,0,,,,,,0,,,0,,,,,0,,,0,,,,,,0,,,0,,,,,,0,,,0,,,,,,0,,,0,,,,,0,,,0,,,,,,0,,,0,,,,,,,,,0,,,,,,0,,,0,,,,,0,,,0,,,,,,0,,,0,,,,,,0,,,0,,,0,,,0,,,0,,,0,
,100,KOIN,,0,,,0,,,,,,0,,,0,,,,,,0,,,0,,,,,,0,,,0,,,,,0,,,0,,,,,,0,,,0,,,,,,0,,,0,,,,,,0,,,0,,,,,0,,,0,,,,,,0,,,0,,,,,,0,,,0,,,0,,,0,,,0,,,,,0,,,0,,,,,,0,,,,,,,,,,,,0,,,,,,,,,,,,,,,,,,,,,,,,,,,,,,,,,,,,,,,,,,,,,,,,,,,,,,,,,,,,,,,,,,,,,,,,,,,,,,,,,,,,,,,,,,,,,,,,,,,,,,,,,,,,,,,,,,,,,,,,,,,,,,,,,,,,,,,,,,0,,,0,,,0,,,0,,,0,,,0,
,PEMBULATAN,,,-100,,,,,,,,,,,,,,,,,,,,,,,,,,,,,,,,,,,,,,,,,,,,,,,,,,,,,,,,,,,,,,,,,,,,,,,,,,,,,,,,,,,,,,,,,,,,,,,,,,,,,,,,,,,,,,,,,,,,,,,,,,,,,,,,,,,,,,,,,,,,,,,,,,,,,,,,,,,,,,,,,,,,,,,,,,,,,,,,,,,,,,,,,,,,,,,,,,,,,,,,,,,,,,,,,,,,,,,,,,,,,,,,,,,,,,,,,,,,,,,,,,,,,,,,,,,,,,,,,,,,,,,,,,,,,,,,,,,,,,,,
,MODAL KASIR,,,"400,000","8,000,100",,,0,,,,,,"2,313,600",,,0,,,,,,0,,,0,,,,,,0,,,0,,,,,0,,,0,,,,,,0,,,0,,,,,,0,,,0,,,,,,0,,,0,,,,,0,,,0,,,,,,0,,,0,,,,,,0,,,0,,,0,,,0,,,0,,,,,0,,,0,,,,,,0,,,0,,,,,,0,,,0,,,,,,0,,,0,,,0,,,0,,,0,,,,,,0,,,0,,,,,,0,,,0,,,,,,0,,,0,,,,,0,,,0,,,,,,0,,,0,,,,,,0,,,0,,,,,,0,,,0,,,,,0,,,0,,,0,,,0,,,0,,,,,,0,,,0,,,,,,0,,,0,,,,,0,,,0,,,,,,0,,,0,,,0,,,0,,,0,,,0,,,0,,,0,,,0
,TOTAL,,,"8,000,000",,,0,,,0,,,"2,313,600",,,0,,,0,,,0,,,0,,,0,,,0,,,0,,,0,,0,,,0,,,0,,,0,,,0,,,0,,,0,,,0,,,0,,,0,,,0,,,0,,0,,,0,,,0,,,0,,,0,,,0,,,0,,,0,,,0,,,0,,,0,,,0,,0,,,0,,,0,,,0,,,0,,,0,,,0,,,0,,,0,,,0,,,0,,,0,,,0,,,0,,,0,,,0,,,0,,,0,,,0,,,0,,,0,,,0,,,0,,,0,,0,,,0,,,0,,,0,,,0,,,0,,,0,,,0,,,0,,,0,,,0,,,0,,0,,,0,,,0,,,0,,,0,,,0,,,0,,,0,,,0,,,0,,,0,,,0,,0,,,0,,,0,,,0,,,0,,,0,,,0,,,0,,,0,,,0,,,0,,,0,
,SELISIH,,,0,,,0,,,0,,,"-5,686,400",,,0,,,0,,,0,,,0,,,0,,,0,,,0,,,0,,0,,,0,,,0,,,0,,,0,,,0,,,0,,,0,,,0,,,0,,,0,,,0,,0,,,0,,,0,,,0,,,0,,,0,,,0,,,0,,,0,,,0,,,0,,,0,,0,,,0,,,0,,,0,,,0,,,0,,,0,,,0,,,0,,,0,,,0,,,0,,,0,,,0,,,0,,,0,,,0,,,0,,,0,,,0,,,0,,,0,,,0,,,0,,0,,,0,,,0,,,0,,,0,,,0,,,0,,,0,,,0,,,0,,,0,,,0,,0,,,0,,,0,,,0,,,0,,,0,,,0,,,0,,,0,,,0,,,0,,,0,,0,,,0,,,0,,,0,,,0,,,0,,,0,,,0,,,0,,,0,,,0,,,0,
,,,SESUAI,,,SESUAI,,,,,,TIDAK SESUAI,,,SESUAI,,,SESUAI,,,SESUAI,,,SESUAI,,,SESUAI,,,SESUAI,,,SESUAI,,,SESUAI,,SESUAI,,,SESUAI,,,SESUAI,,,SESUAI,,,SESUAI,,,SESUAI,,,SESUAI,,,SESUAI,,,SESUAI,,,SESUAI,,,SESUAI,,,SESUAI,,SESUAI,,,SESUAI,,,SESUAI,,,SESUAI,,,SESUAI,,,SESUAI,,,SESUAI,,,SESUAI,,,SESUAI,,,SESUAI,,,SESUAI,,,SESUAI,,SESUAI,,,SESUAI,,,SESUAI,,,SESUAI,,,SESUAI,,,SESUAI,,,SESUAI,,,SESUAI,,,SESUAI,,,SESUAI,,,SESUAI,,,SESUAI,,,SESUAI,,,SESUAI,,,SESUAI,,,SESUAI,,,SESUAI,,,SESUAI,,,SESUAI,,,SESUAI,,,SESUAI,,,SESUAI,,,SESUAI,,,SESUAI,,SESUAI,,,SESUAI,,,SESUAI,,,SESUAI,,,SESUAI,,,SESUAI,,,SESUAI,,,SESUAI,,,SESUAI,,,SESUAI,,,SESUAI,,,SESUAI,,SESUAI,,,SESUAI,,,SESUAI,,,SESUAI,,,SESUAI,,,SESUAI,,,SESUAI,,,SESUAI,,,SESUAI,,,SESUAI,,,SESUAI,,,SESUAI,,SESUAI,,,SESUAI,,,SESUAI,,,SESUAI,,,SESUAI,,,SESUAI,,,SESUAI,,,SESUAI,,,SESUAI,,,SESUAI,,,SESUAI,,,SESUAI,,
,,,,,,,,,,,,,,,,,,,,,,,,,,,,,,,,,,,,,,,,,,,,,,,,,,,,,,,,,,,,,,,,,,,,,,,,,,,,,,,,,,,,,,,,,,,,,,,,,,,,,,,,,,,,,,,,,,,,,,,,,,,,,,,,,,,,,,,,,,,,,,,,,,,,,,,,,,,,,,,,,,,,,,,,,,,,,,,,,,,,,,,,,,,,,,,,,,,,,,,,,,,,,,,,,,,,,,,,,,,,,,,,,,,,,,,,,,,,,,,,,,,,,,,,,,,,,,,,,,,,,,,,,,,,,,,,,,,,,,,,,,,,
,,,LAMPIRAN FOTO :,,,LAMPIRAN FOTO :,,,LAMPIRAN FOTO :,,,LAMPIRAN FOTO :,,,LAMPIRAN FOTO :,,,LAMPIRAN FOTO :,,,LAMPIRAN FOTO :,,,LAMPIRAN FOTO :,,,LAMPIRAN FOTO :,,,LAMPIRAN FOTO :,,,LAMPIRAN FOTO :,,,LAMPIRAN FOTO :,,LAMPIRAN FOTO :,,,LAMPIRAN FOTO :,,,LAMPIRAN FOTO :,,,LAMPIRAN FOTO :,,,LAMPIRAN FOTO :,,,LAMPIRAN FOTO :,,,LAMPIRAN FOTO :,,,LAMPIRAN FOTO :,,,LAMPIRAN FOTO :,,,LAMPIRAN FOTO :,,,LAMPIRAN FOTO :,,,LAMPIRAN FOTO :,,LAMPIRAN FOTO :,,,LAMPIRAN FOTO :,,,LAMPIRAN FOTO :,,,LAMPIRAN FOTO :,,,LAMPIRAN FOTO :,,,LAMPIRAN FOTO :,,,LAMPIRAN FOTO :,,,LAMPIRAN FOTO :,,,LAMPIRAN FOTO :,,,LAMPIRAN FOTO :,,,LAMPIRAN FOTO :,,,LAMPIRAN FOTO :,,LAMPIRAN FOTO :,,,LAMPIRAN FOTO :,,,LAMPIRAN FOTO :,,,LAMPIRAN FOTO :,,,LAMPIRAN FOTO :,,,LAMPIRAN FOTO :,,,LAMPIRAN FOTO :,,,LAMPIRAN FOTO :,,,LAMPIRAN FOTO :,,,LAMPIRAN FOTO :,,,LAMPIRAN FOTO :,,,LAMPIRAN FOTO :,,,LAMPIRAN FOTO :,,,LAMPIRAN FOTO :,,,LAMPIRAN FOTO :,,,LAMPIRAN FOTO :,,,LAMPIRAN FOTO :,,,LAMPIRAN FOTO :,,,LAMPIRAN FOTO :,,,LAMPIRAN FOTO :,,,LAMPIRAN FOTO :,,,LAMPIRAN FOTO :,,,LAMPIRAN FOTO :,,,LAMPIRAN FOTO :,,LAMPIRAN FOTO :,,,LAMPIRAN FOTO :,,,LAMPIRAN FOTO :,,,LAMPIRAN FOTO :,,,LAMPIRAN FOTO :,,,LAMPIRAN FOTO :,,,LAMPIRAN FOTO :,,,LAMPIRAN FOTO :,,,LAMPIRAN FOTO :,,,LAMPIRAN FOTO :,,,LAMPIRAN FOTO :,,,LAMPIRAN FOTO :,,LAMPIRAN FOTO :,,,LAMPIRAN FOTO :,,,LAMPIRAN FOTO :,,,LAMPIRAN FOTO :,,,LAMPIRAN FOTO :,,,LAMPIRAN FOTO :,,,LAMPIRAN FOTO :,,,LAMPIRAN FOTO :,,,LAMPIRAN FOTO :,,,LAMPIRAN FOTO :,,,LAMPIRAN FOTO :,,,LAMPIRAN FOTO :,,LAMPIRAN FOTO :,,,LAMPIRAN FOTO :,,,LAMPIRAN FOTO :,,,LAMPIRAN FOTO :,,,LAMPIRAN FOTO :,,,LAMPIRAN FOTO :,,,LAMPIRAN FOTO :,,,LAMPIRAN FOTO :,,,LAMPIRAN FOTO :,,,LAMPIRAN FOTO :,,,LAMPIRAN FOTO :,,,LAMPIRAN FOTO :,,
,,,,,,,,,,,,,,,,,,,,,,,,,,,,,,,,,,,,,,,,,,,,,,,,,,,,,,,,,,,,,,,,,,,,,,,,,,,,,,,,,,,,,,,,,,,,,,,,,,,,,,,,,,,,,,,,,,,,,,,,,,,,,,,,,,,,,,,,,,,,,,,,,,,,,,,,,,,,,,,,,,,,,,,,,,,,,,,,,,,,,,,,,,,,,,,,,,,,,,,,,,,,,,,,,,,,,,,,,,,,,,,,,,,,,,,,,,,,,,,,,,,,,,,,,,,,,,,,,,,,,,,,,,,,,,,,,,,,,,,,,,,,
,,,,,,,,,,,,,,,,,,,,,,,,,,,,,,,,,,,,,,,,,,,,,,,,,,,,,,,,,,,,,,,,,,,,,,,,,,,,,,,,,,,,,,,,,,,,,,,,, ,,,,,,,,,,,,,,,,,,,,,,,,,,,,,,,,,,,,,,,,,,,,,,,,,,,,,,,,,,,,,,,,,,,,,,,,,,,,,,,,,,,,,,,,,,,,,,,,,,,,,,,,,,,,,,,,,,,,,,,,,,,,,,,,,,,,,,,,,,,,,,,,,,,,,,,,,,,,,,,,,,,,,,,,,,,,,,,,,,,,,,,,,,,
,,,,,,,,,,,,,,,,,,,,,,,,,,,,,,,,,,,,,,,,,,,,,,,,,,,,,,,,,,,,,,,,,,,,,,,,,,,,,,,,,,,,,,,,,,,,,,,,,,,,,,,,,,,,,,,,,,,,,,,,,,,,,,,,,,,,,,,,,,,,,,,,,,,,,,,,,,,,,,,,,,,,,,,,,,,,,,,,,,,,,,,,,,,,,,,,,,,,,,,,,,,,,,,,,,,,,,,,,,,,,,,,,,,,,,,,,,,,,,,,,,,,,,,,,,,,,,,,,,,,,,,,,,,,,,,,,,,,,,,,,,,,
,,,,,,,,,,,,,,,,,,,,,,,,,,,,,,,,,,,,,,,,,,,,,,,,,,,,,,,,,,,,,,,,,,,,,,,,,,,,,,,,,,,,,,,,,,,,,,,,,,,,,,,,,,,,,,,,,,,,,,,,,,,,,,,,,,,,,,,,,,,,,,,,,,,,,,,,,,,,,,,,,,,,,,,,,,,,,,,,,,,,,,,,,,,,,,,,,,,,,,,,,,,,,,,,,,,,,,,,,,,,,,,,,,,,,,,,,,,,,,,,,,,,,,,,,,,,,,,,,,,,,,,,,,,,,,,,,,,,,,,,,,,,
,,,,,,,,,,,,,,,,,,,,,,,,,,,,,,,,,,,,,,,,,,,,,,,,,,,,,,,,,,,,,,,,,,,,,,,,,,,,,,,,,,,,,,,,,,,,,,,,,,,,,,,,,,,,,,,,,,,,,,,,,,,,,,,,,,,,,,,,,,,,,,,,,,,,,,,,,,,,,,,,,,,,,,,,,,,,,,,,,,,,,,,,,,,,,,,,,,,,,,,,,,,,,,,,,,,,,,,,,,,,,,,,,,,,,,,,,,,,,,,,,,,,,,,,,,,,,,,,,,,,,,,,,,,,,,,,,,,,,,,,,,,,
,,,,,,,,,,,,,,,,,,,,,,,,,,,,,,,,,,,,,,,,,,,,,,,,,,,,,,,,,,,,,,,,,,,,,,,,,,,,,,,,,,,,,,,,,,,,,,,,,,,,,,,,,,,,,,,,,,,,,,,,,,,,,,,,,,,,,,,,,,,,,,,,,,,,,,,,,,,,,,,,,,,,,,,,,,,,,,,,,,,,,,,,,,,,,,,,,,,,,,,,,,,,,,,,,,,,,,,,,,,,,,,,,,,,,,,,,,,,,,,,,,,,,,,,,,,,,,,,,,,,,,,,,,,,,,,,,,,,,,,,,,,,
,,,,,,,,,,,,,,,,,,,,,,,,,,,,,,,,,,,,,,,,,,,,,,,,,,,,,,,,,,,,,,,,,,,,,,,,,,,,,,,,,,,,,,,,,,,,,,,,,,,,,,,,,,,,,,,,,,,,,,,,,,,,,,,,,,,,,,,,,,,,,,,,,,,,,,,,,,,,,,,,,,,,,,,,,,,,,,,,,,,,,,,,,,,,,,,,,,,,,,,,,,,,,,,,,,,,,,,,,,,,,,,,,,,,,,,,,,,,,,,,,,,,,,,,,,,,,,,,,,,,,,,,,,,,,,,,,,,,,,,,,,,,
,,,,,,,,,,,,,,,,,,,,,,,,,,,,,,,,,,,,,,,,,,,,,,,,,,,,,,,,,,,,,,,,,,,,,,,,,,,,,,,,,,,,,,,,,,,,,,,,,,,,,,,,,,,,,,,,,,,,,,,,,,,,,,,,,,,,,,,,,,,,,,,,,,,,,,,,,,,,,,,,,,,,,,,,,,,,,,,,,,,,,,,,,,,,,,,,,,,,,,,,,,,,,,,,,,,,,,,,,,,,,,,,,,,,,,,,,,,,,,,,,,,,,,,,,,,,,,,,,,,,,,,,,,,,,,,,,,,,,,,,,,,,
,,,,,,,,,,,,,,,,,,,,,,,,,,,,,,,,,,,,,,,,,,,,,,,,,,,,,,,,,,,,,,,,,,,,,,,,,,,,,,,,,,,,,,,,,,,,,,,,,,,,,,,,,,,,,,,,,,,,,,,,,,,,,,,,,,,,,,,,,,,,,,,,,,,,,,,,,,,,,,,,,,,,,,,,,,,,,,,,,,,,,,,,,,,,,,,,,,,,,,,,,,,,,,,,,,,,,,,,,,,,,,,,,,,,,,,,,,,,,,,,,,,,,,,,,,,,,,,,,,,,,,,,,,,,,,,,,,,,,,,,,,,,
,,,,,,,,,,,,,,,,,,,,,,,,,,,,,,,,,,,,,,,,,,,,,,,,,,,,,,,,,,,,,,,,,,,,,,,,,,,,,,,,,,,,,,,,,,,,,,,,,,,,,,,,,,,,,,,,,,,,,,,,,,,,,,,,,,,,,,,,,,,,,,,,,,,,,,,,,,,,,,,,,,,,,,,,,,,,,,,,,,,,,,,,,,,,,,,,,,,,,,,,,,,,,,,,,,,,,,,,,,,,,,,,,,,,,,,,,,,,,,,,,,,,,,,,,,,,,,,,,,,,,,,,,,,,,,,,,,,,,,,,,,,,
,,,,,,,,,,,,,,,,,,,,,,,,,,,,,,,,,,,,,,,,,,,,,,,,,,,,,,,,,,,,,,,,,,,,,,,,,,,,,,,,,,,,,,,,,,,,,,,,,,,,,,,,,,,,,,,,,,,,,,,,,,,,,,,,,,,,,,,,,,,,,,,,,,,,,,,,,,,,`,,,,,,,,,,,,,,,,,,,,,,,,,,,,,,,,,,,,,,,,,,,,,,,,,,,,,,,,,,,,,,,,,,,,,,,,,,,,,,,,,,,,,,,,,,,,,,,,,,,,,,,,,,,,,,,,,,,,,,,,,,,,,,,,