 ,
     LINK SERAH TERIMA SALES AREA 19 SUMBAGSEL 2026,
,
JANUARI,https://docs.google.com/spreadsheets/d/19S0wZPXQ4T_u2DMtrUyLXhSpLfUe0tjr/edit?gid=285912838#gid=285912838
FEBRUARI,https://docs.google.com/spreadsheets/d/1kpxuK-JXa-_lsZvBuNgeI6oFBYgjwGju/edit?gid=598924100#gid=598924100
MARET,https://docs.google.com/spreadsheets/d/1zNxrQc1z02yEXmCmvuvGAkkGlJcdwDPH/edit?gid=1005625293#gid=1005625293
APRIL,https://docs.google.com/spreadsheets/d/1Cvt2EkqE2Y6s1Bh6n1VdAeJhj5nN9JKi/edit?gid=598924100#gid=598924100
MEI,https://docs.google.com/spreadsheets/d/1QnIiLqjlukWFNdvNC9EpV9yokE2AAZK2/edit?usp=drive_link&ouid=117578111645639056670&rtpof=true&sd=true
JUNI,https://docs.google.com/spreadsheets/d/1SCO4kCpVMTCaMSOT8O2ITeLvU7H4IP8q/edit?gid=1552507215#gid=1552507215
JULI,https://docs.google.com/spreadsheets/d/1CgqNafwEk3A32l3eiwcf8h4wO93sUg6h/edit?gid=1185985398#gid=1185985398
AGUSTUS,https://docs.google.com/spreadsheets/d/1kpxuK-JXa-_lsZvBuNgeI6oFBYgjwGju/edit?gid=1504484096#gid=1504484096
SEPTEMBER,https://docs.google.com/spreadsheets/d/14ctx5Y7Rv8UmYoSS2wRmi6_x-xzukncr/edit?usp=sharing&ouid=117578111645639056670&rtpof=true&sd=true
OKTOBER,
NOPEMBER,
DESEMBER,